slot,indexed_filename,friendly_label,source_relative_path,size_bytes,sha256
0,0000_VFX_SD_OS_2.10.IMG,VFX SD OS 2.10,VFX SD OS 2.10.img,819200,e297987bc94cb257e4a8adfe4d8fbf737378ca521ec22cdb094e47a9ad7ca013
1,0001_Stock_Library_Disk.IMG,Stock Library Disk,Stock Library Disk.img,819200,4fcfa6c36b1b1f88db429857f97dcce122e6efe6b4b1879b723afd73ae09a23f
2,0002_ATW_Colorado_alogdig.HFE,ATW Colorado alogdig,ATW/Colorado/alogdig.HFE,2049024,f5ac9ba58ced8c0e17efb1a11dc5940af1208485b8d25e825fba2966acac20e1
3,0003_ATW_Colorado_analog.HFE,ATW Colorado analog,ATW/Colorado/analog.HFE,2049024,5bab8dd0658e3fdb17d96bc68c4722247c8a26409457c4b50be47209084bd38d
4,0004_ATW_Colorado_basses.HFE,ATW Colorado basses,ATW/Colorado/basses.HFE,2049024,b53287fe2663cfe507829203ea1697e8b443b2d5f7022a1473596e056fd6b522
5,0005_ATW_Colorado_brass.HFE,ATW Colorado brass,ATW/Colorado/brass.HFE,2049024,f14c74c6c14141afab85ad898e94ece228bf64239b498bae055dde959ab7d8df
6,0006_ATW_Colorado_digital.HFE,ATW Colorado digital,ATW/Colorado/digital.HFE,2049024,a7cc2bfc5492042f62ec5217fe05b3e9feb6ba4e92f4258d09b47f3152a6eebe
7,0007_ATW_Colorado_digital2.HFE,ATW Colorado digital2,ATW/Colorado/digital2.HFE,2049024,9ec3b44724379d464a5d04932c3131a5027193ec3c4fe3673e7207a7971ccce8
8,0008_ATW_Colorado_digital3.HFE,ATW Colorado digital3,ATW/Colorado/digital3.HFE,2049024,7a7f3bb3509880d3414c8e8bc55c7150557db54ac1e39b9a6e1186bdf70e5c8c
9,0009_ATW_Colorado_digital4.HFE,ATW Colorado digital4,ATW/Colorado/digital4.HFE,2049024,de604cbbc3a171948ca2eddec7e37cfb21bafda5cb3e08c92ef565c5eb010897
10,0010_ATW_Colorado_digital5.HFE,ATW Colorado digital5,ATW/Colorado/digital5.HFE,2049024,d23534797338d4e74586b174e6049d9279da113be908f37308abf6684522602f
11,0011_ATW_Colorado_drums1.HFE,ATW Colorado drums1,ATW/Colorado/drums1.HFE,2049024,bc6f2f806d688d743ec4c7525cceab66d4dcdae84e0857530a819a4c5ef0a676
12,0012_ATW_Colorado_drums2.HFE,ATW Colorado drums2,ATW/Colorado/drums2.HFE,2049024,62a43a789813afe7d78b0e27d0504df82e77fa1c621561d4a4d081905c104589
13,0013_ATW_Colorado_electric.HFE,ATW Colorado electric,ATW/Colorado/electric.HFE,2049024,f09e154bd89e33440621703a507b8e73620bcd5c8fee6ac55c9d29cc2f81a246
14,0014_ATW_Colorado_orches1.HFE,ATW Colorado orches1,ATW/Colorado/orches1.HFE,2049024,d9172aee734e5b139097039f8a3f7fcb2a097b7e9c43cf3520fdac9bf53dd199
15,0015_ATW_Colorado_organ.HFE,ATW Colorado organ,ATW/Colorado/organ.HFE,2049024,a9d376d9d9a07845a4a136a85ca0bbb3a60107199e4851b600c3b605577c9a13
16,0016_ATW_Colorado_otherelc.HFE,ATW Colorado otherelc,ATW/Colorado/otherelc.HFE,2049024,a80ce91e7000e8a606bdbc5569de8123990fade56e0fd06d4b7ff7725062572b
17,0017_ATW_Colorado_percs1.HFE,ATW Colorado percs1,ATW/Colorado/percs1.HFE,2049024,83c8246ffb38d78888496e6c297f96837837d0e775def2204851eece66a5b125
18,0018_ATW_Colorado_piano.HFE,ATW Colorado piano,ATW/Colorado/piano.HFE,2049024,518f51c95753aa7b6c6cb463d5ca592717cf2bfa75e0f1d1577cc4619ebbb9e5
19,0019_ATW_Colorado_sd1_advpc100.HFE,ATW Colorado sd1_advpc100,ATW/Colorado/sd1_advpc100.HFE,2049024,1a0c4b53ee16e924bb046079253be060ac78f7d23b302ce3c51b4a740f0cd047
20,0020_ATW_Colorado_sd1_advpc101.HFE,ATW Colorado sd1_advpc101,ATW/Colorado/sd1_advpc101.HFE,2049024,e0e0631a31a7e2a0bcb62dd782a47f4cc55a34dc1642311ef8bfee8c4b831120
21,0021_ATW_Colorado_sd1_keys1.HFE,ATW Colorado sd1_keys1,ATW/Colorado/sd1_keys1.HFE,2049024,ba70b323bad18197f5ab371b708a5e9535a2e4cf75809de14aaad78fa6a21ad8
22,0022_ATW_Colorado_sd1_rom0.HFE,ATW Colorado sd1_rom0,ATW/Colorado/sd1_rom0.HFE,2049024,2b97e258649d2954291ff0d610bf7b43a4e510aede108e076ceddfa2bbdceb2b
23,0023_ATW_Colorado_sd1_rom1.HFE,ATW Colorado sd1_rom1,ATW/Colorado/sd1_rom1.HFE,2049024,22f80676541bc30c05f97a693370969f08eab4a5d998de8315a30471e3e5aebc
24,0024_ATW_Colorado_soundfx.HFE,ATW Colorado soundfx,ATW/Colorado/soundfx.HFE,2049024,88e00639fd90e0c80b96501a54c0537ee0ad05ed6e92eb08c78d89ad44cca9c7
25,0025_ATW_Colorado_soundfx2.HFE,ATW Colorado soundfx2,ATW/Colorado/soundfx2.HFE,2049024,7c5fe75fb43201c1fe1444f253089514279949f5105d00c4c1ee8c81e7f3d3b5
26,0026_ATW_Colorado_strings1.HFE,ATW Colorado strings1,ATW/Colorado/strings1.HFE,2049024,e31c37e9935658b30ddc8b19e62c0a5487036eece298dfd977b28c1927249b8c
27,0027_ATW_Colorado_Demos.HFE,ATW Colorado VFXsdDemos,ATW/Colorado/VFXsdDemos.HFE,2049024,1cba8619bb5164aa528b27d9043e5caf63ca62afc2479877a669498b39685ef6
28,0028_ATW_Colorado_Internal.HFE,ATW Colorado VFXsdInternal,ATW/Colorado/VFXsdInternal.HFE,2049024,affab0035b9d981cb72a115929bb90147acfee2936ec6ed73cc67f8c48cc303d
29,0029_ATW_Colorado_Keys.HFE,ATW Colorado VFXsdKeys,ATW/Colorado/VFXsdKeys.HFE,2049024,11a8fe4f205c1ad74e1232adf58eb66304f2b0e86fa4280b6bfa777cf984b54d
30,0030_ATW_Colorado_ROM.HFE,ATW Colorado VFXsdROM,ATW/Colorado/VFXsdROM.HFE,2049024,a8d69c62084d9bf23de6af26902d5897d0f28b78ce8307eaea156d1d8e7b6523
31,0031_ATW_Colorado_wind.HFE,ATW Colorado wind,ATW/Colorado/wind.HFE,2049024,f0b04301bd74f02ee5e7ef05a6dd40eed1962871ae93da67d836d6971c7cc829
32,0032_ATW_Colorado_wind2.HFE,ATW Colorado wind2,ATW/Colorado/wind2.HFE,2049024,4e91d059853e8fa8f21162d3af3272a15f8ee515138d86f59ce2e89a45d1b635
33,0033_ATW_Fabio_Garcia_FGarcia.HFE,ATW Fabio Garcia FGarcia,ATW/Fabio Garcia/FGarcia.HFE,2049024,496135574472c2cd006d7c88d411656e13808792a03ff7bc29833e1f0b91315a
34,0034_ATW_Neopatch_countrypatches.HFE,ATW Neopatch countrypatches,ATW/Neopatch/countrypatches.HFE,2049024,00b4ad0bc782b161b0425da93cad2e96aa6c0526bdddcfb168911f2c8c5e4347
35,0035_ATW_Neopatch_NEWBNK00.HFE,ATW Neopatch NEWBNK00,ATW/Neopatch/NEWBNK00.HFE,2049024,0d0a5b7fe6ff1a6ddf5957c401f9b6c7edcc51c3b4892d67a5dd89d538fa8025
36,0036_ATW_Neopatch_NEWBNK01.HFE,ATW Neopatch NEWBNK01,ATW/Neopatch/NEWBNK01.HFE,2049024,ba5573aa9223114b24268e4e82c85e57ebc02ae6d72ac417f30a8bb4c0ba9d7f
37,0037_ATW_Neopatch_NEWBNK02.HFE,ATW Neopatch NEWBNK02,ATW/Neopatch/NEWBNK02.HFE,2049024,0edafc25d6603a8ba4e2115021489c522398cb9d86c1331b6e6cacbfcb79e108
38,0038_ATW_Neopatch_playpatches.HFE,ATW Neopatch playpatches,ATW/Neopatch/playpatches.HFE,2049024,bd579c94cce46eb2495ee49431da9e49af51faa0eedb420a1ef93efe62e0acfa
39,0039_ATW_Neopatch_SYNTHS.HFE,ATW Neopatch SYNTHS,ATW/Neopatch/SYNTHS.HFE,2049024,089459660dd5c32913798d8591932bfe16f885660df80751def72e1032bf61f1
40,0040_ATW_Neopatch_SYNTHS2.HFE,ATW Neopatch SYNTHS2,ATW/Neopatch/SYNTHS2.HFE,2049024,657c2a3874cdbe0cc8c6afabcffbc4fd674f827ae59a916e162c151a4ce68f48
41,0041_ATW_PAG_PAG.HFE,ATW PAG PAG,ATW/PAG/PAG.HFE,2049024,b5412d91ac259d968e0257111756274c9414be06f42cf434351fba348477334c
42,0042_ATW_SoundLib_SLIB_1.HFE,ATW SoundLib SLIB_ 1,ATW/SoundLib/SLIB_ 1.HFE,2049024,1176026a08ee36736ccbe2bea2c182a1166b14df03332668af11d03f0183c534
43,0043_ATW_SoundLib_SLIB_10.HFE,ATW SoundLib SLIB_ 10,ATW/SoundLib/SLIB_ 10.HFE,2049024,48c297e149428719502a4e5167acad28b81cf04e1d1c88310ad7e68e260bf87f
44,0044_ATW_SoundLib_SLIB_11.HFE,ATW SoundLib SLIB_ 11,ATW/SoundLib/SLIB_ 11.HFE,2049024,c94fa4805723ce7940518ad514b588601b5dafa9395c8c59ff522d71f9742554
45,0045_ATW_SoundLib_SLIB_12.HFE,ATW SoundLib SLIB_ 12,ATW/SoundLib/SLIB_ 12.HFE,2049024,5217f3e94930ba9c51e2e0351694c947ac26cfc393ad73c4b24a78c7c48a22f0
46,0046_ATW_SoundLib_SLIB_13.HFE,ATW SoundLib SLIB_ 13,ATW/SoundLib/SLIB_ 13.HFE,2049024,db6747607df2666f54d331564bc139ba658097b812d3e7268ef3655827d4f005
47,0047_ATW_SoundLib_SLIB_14.HFE,ATW SoundLib SLIB_ 14,ATW/SoundLib/SLIB_ 14.HFE,2049024,4a292dc6279fc9d12840ac01fd793f854a3d8a7eece011091674f5a9b02edd64
48,0048_ATW_SoundLib_SLIB_15.HFE,ATW SoundLib SLIB_ 15,ATW/SoundLib/SLIB_ 15.HFE,2049024,b9272156bdecf7cf19a57c259c034683b9febc0eea3841b2d7babc8f0b43964e
49,0049_ATW_SoundLib_SLIB_16.HFE,ATW SoundLib SLIB_ 16,ATW/SoundLib/SLIB_ 16.HFE,2049024,7cf626c99f90b373f65d3a23e20605b6e2e5ccb5451ff89080baf635590eb047
50,0050_ATW_SoundLib_SLIB_17.HFE,ATW SoundLib SLIB_ 17,ATW/SoundLib/SLIB_ 17.HFE,2049024,fa3241710d73d49ac9a475f93b5c916982a0628a084aa92d50d21aa5e8a50e94
51,0051_ATW_SoundLib_SLIB_18.HFE,ATW SoundLib SLIB_ 18,ATW/SoundLib/SLIB_ 18.HFE,2049024,0c20c3f7348f5604141c3342e93730d9840f619835a5d2f84ddf0ced7a1aab30
52,0052_ATW_SoundLib_SLIB_19.HFE,ATW SoundLib SLIB_ 19,ATW/SoundLib/SLIB_ 19.HFE,2049024,1324c7036cd33fbe47c33d65abca0ecebc786891fc6aff24f3dfad1ddaa69461
53,0053_ATW_SoundLib_SLIB_2.HFE,ATW SoundLib SLIB_ 2,ATW/SoundLib/SLIB_ 2.HFE,2049024,6e133b35cc7d9a32a93fdb63eddcb20ee28d55e7c2e8bad16e84e746dab5f3e9
54,0054_ATW_SoundLib_SLIB_20.HFE,ATW SoundLib SLIB_ 20,ATW/SoundLib/SLIB_ 20.HFE,2049024,d7e3c3a053277f9fccbbabe8ceea27d0cf5ef090f28db86bc76af3579d85a49c
55,0055_ATW_SoundLib_SLIB_21.HFE,ATW SoundLib SLIB_ 21,ATW/SoundLib/SLIB_ 21.HFE,2049024,f2c0730d11e1e5f68f873ad7bc11aa9dcf1f82202057e7b6e218d623f23dfecd
56,0056_ATW_SoundLib_SLIB_22.HFE,ATW SoundLib SLIB_ 22,ATW/SoundLib/SLIB_ 22.HFE,2049024,e0e78238a2460cc5c8bf2a1dc171ff24cdda91da6b3885bf0730a37ead496401
57,0057_ATW_SoundLib_SLIB_23.HFE,ATW SoundLib SLIB_ 23,ATW/SoundLib/SLIB_ 23.HFE,2049024,f6665018db4ec32c5d256f44343a9e62cdf41830ac59345657b90be4090ba2af
58,0058_ATW_SoundLib_SLIB_24.HFE,ATW SoundLib SLIB_ 24,ATW/SoundLib/SLIB_ 24.HFE,2049024,9616e34c4393506a38b67860c08fce51f1a774f6a0506952a94ada2a5d07cd62
59,0059_ATW_SoundLib_SLIB_25.HFE,ATW SoundLib SLIB_ 25,ATW/SoundLib/SLIB_ 25.HFE,2049024,f167b08a28291dee65d7ed0c3857b2117cfc741fbb14281d1cde8a677188dbc9
60,0060_ATW_SoundLib_SLIB_26.HFE,ATW SoundLib SLIB_ 26,ATW/SoundLib/SLIB_ 26.HFE,2049024,69dd9c135b13c7b787d9920d955b174565e8de6de0e68362362ffc0bda73a680
61,0061_ATW_SoundLib_SLIB_3.HFE,ATW SoundLib SLIB_ 3,ATW/SoundLib/SLIB_ 3.HFE,2049024,61e6cd9c6fec7b1457d7ea9e8401ea80c614836c2177fec9b1fce6c0fad559cf
62,0062_ATW_SoundLib_SLIB_4.HFE,ATW SoundLib SLIB_ 4,ATW/SoundLib/SLIB_ 4.HFE,2049024,99efefb2f235bae10f5dda190d924b19e7730ef662fd4fc13ea78d57148cdc38
63,0063_ATW_SoundLib_SLIB_5.HFE,ATW SoundLib SLIB_ 5,ATW/SoundLib/SLIB_ 5.HFE,2049024,cd4885a74742a98aefdeeabcd02e049d9d6c6805e661c4b9d9cd608a5cf14dd9
64,0064_ATW_SoundLib_SLIB_6.HFE,ATW SoundLib SLIB_ 6,ATW/SoundLib/SLIB_ 6.HFE,2049024,3797cca01a1f8c817f8a16a70775b601f51962b2b403fedb6d1e723e1b126599
65,0065_ATW_SoundLib_SLIB_7.HFE,ATW SoundLib SLIB_ 7,ATW/SoundLib/SLIB_ 7.HFE,2049024,1135f8d383ff29e42937bd69d79456c2ce9a8a3f107f847dc46794489e9968d6
66,0066_ATW_SoundLib_SLIB_8.HFE,ATW SoundLib SLIB_ 8,ATW/SoundLib/SLIB_ 8.HFE,2049024,22858fbbd721322e09112c4d73cb7bf87f56d64a651e1a50e82150fc979389a5
67,0067_ATW_SoundLib_SLIB_9.HFE,ATW SoundLib SLIB_ 9,ATW/SoundLib/SLIB_ 9.HFE,2049024,efe12408324e3ab65e49c1ef962daaf908acb05eebfbd793607615a785653730
68,0068_ATW_Soundthinker_01_PRG.HFE,ATW Soundthinker 01_PRG,ATW/Soundthinker/01_PRG.HFE,2049024,3345aa4c3cf59e59e4e51170b5b15c10d74749d682bc9a617e12568affe935f2
69,0069_ATW_Soundthinker_02_PRG.HFE,ATW Soundthinker 02_PRG,ATW/Soundthinker/02_PRG.HFE,2049024,136a30c280629fa8dda4a66e085666daa07b770466fc6c24b80821336598db0f
70,0070_ATW_Soundthinker_03_PRG.HFE,ATW Soundthinker 03_PRG,ATW/Soundthinker/03_PRG.HFE,2049024,db3bab4e5f2cd150553b25c3e199609d8379d89f8bfd52bbc3c24d48c3e8d9d0
71,0071_ATW_Soundthinker_04_PRG.HFE,ATW Soundthinker 04_PRG,ATW/Soundthinker/04_PRG.HFE,2049024,220e27dd09bddd077a4652053367981bf86b8a4ce4b4825f12858cd0b16976c4
72,0072_ATW_Soundthinker_05_PRG.HFE,ATW Soundthinker 05_PRG,ATW/Soundthinker/05_PRG.HFE,2049024,96cc1049ed3491a049ab15acd5f75af303d863f9da808b9cf6f263a8d8e8da85
73,0073_ATW_Soundthinker_06_PRG.HFE,ATW Soundthinker 06_PRG,ATW/Soundthinker/06_PRG.HFE,2049024,f088668f8e0ed3b7ffbed2ace03611d75cd99c8617e3118b780ef218c39c0903
74,0074_ATW_Soundthinker_07_PRG.HFE,ATW Soundthinker 07_PRG,ATW/Soundthinker/07_PRG.HFE,2049024,30d3877a47b2da2dae64f7337e070fd9bca48e87d9bc126ae7357c796b9ecb3c
75,0075_ATW_Soundthinker_08_PRG.HFE,ATW Soundthinker 08_PRG,ATW/Soundthinker/08_PRG.HFE,2049024,7fe263908eec764e4e5f672417fd1fff33bb6d08127cebe976b336f2dc9c1c83
76,0076_ATW_Soundthinker_09_PRG.HFE,ATW Soundthinker 09_PRG,ATW/Soundthinker/09_PRG.HFE,2049024,e98daad50b2aae75ff68c6d5105ea6619bb38de9598b8f0cca971a0b9a91a40f
77,0077_ATW_Soundthinker_10_PRG.HFE,ATW Soundthinker 10_PRG,ATW/Soundthinker/10_PRG.HFE,2049024,7feabc3593e3fd3013de4107853054c701a9229f68f056c449177122f20b836a
78,0078_ATW_Soundthinker_11_PRG.HFE,ATW Soundthinker 11_PRG,ATW/Soundthinker/11_PRG.HFE,2049024,69fb56ba4aab6c463cf23aadf13a6111ad2ed9bd8321f189e3babec40379bcc7
79,0079_ATW_Soundthinker_12_PRG.HFE,ATW Soundthinker 12_PRG,ATW/Soundthinker/12_PRG.HFE,2049024,0bf72a6bc16cdc6154d707ce459c7bf738b45dddb0265311a3b2cf4e864d2e4f
80,0080_ATW_Soundthinker_13_PRG.HFE,ATW Soundthinker 13_PRG,ATW/Soundthinker/13_PRG.HFE,2049024,c81db219ac5e87c04880acf482969c0efe4f6586a8d8f8bb5e7cd16f5c1b8e74
81,0081_ATW_Soundthinker_14_PRG.HFE,ATW Soundthinker 14_PRG,ATW/Soundthinker/14_PRG.HFE,2049024,7204a0d774de79c8618f603f6b61cbabfe2c9f193a4d9560e492a7137908bd79
82,0082_ATW_Soundthinker_15_PRG.HFE,ATW Soundthinker 15_PRG,ATW/Soundthinker/15_PRG.HFE,2049024,bd081b7dd6bd54ffe5a01868cc1579b9a49fa6258e9f4f950b264de69439b54e
83,0083_ATW_Soundthinker_16_PRG.HFE,ATW Soundthinker 16_PRG,ATW/Soundthinker/16_PRG.HFE,2049024,d50c068aeffa63f0fb915dfd5023ba81cdecd6bb5963db4c0a9a83988f1ab119
84,0084_ATW_Soundthinker_17_PRG.HFE,ATW Soundthinker 17_PRG,ATW/Soundthinker/17_PRG.HFE,2049024,563700715d6fca71d868ca6fe8bbe28bc00ad938d00deaf228fddfc8f3a03216
85,0085_ATW_Soundthinker_18_PRG.HFE,ATW Soundthinker 18_PRG,ATW/Soundthinker/18_PRG.HFE,2049024,710795b61237091884725a5ee8c3d38b3b21752a45716d64e3cf5c7a907e3f00
86,0086_ATW_Soundthinker_19_PRG.HFE,ATW Soundthinker 19_PRG,ATW/Soundthinker/19_PRG.HFE,2049024,523fee43e9af28361be230157ff95aaa8596b3c451179c7a1c084eadc6a970db
87,0087_ATW_Soundthinker_20_PRG.HFE,ATW Soundthinker 20_PRG,ATW/Soundthinker/20_PRG.HFE,2049024,bd9475f1bbeadf976d7a8b28312c15072794062fae87098d304f3b1a5cc5fbd9
88,0088_ATW_Soundthinker_21_PRG.HFE,ATW Soundthinker 21_PRG,ATW/Soundthinker/21_PRG.HFE,2049024,6757019dad767efe13e57b93fe0f12553f057866fa51186b50f2bd2dca75b3dc
89,0089_ATW_Soundthinker_22_PRG.HFE,ATW Soundthinker 22_PRG,ATW/Soundthinker/22_PRG.HFE,2049024,51c8e45701ed1ed0f7bc613509e1d42c65568f49985f65b7a5e033cac98988ca
90,0090_ATW_Soundthinker_23_PRG.HFE,ATW Soundthinker 23_PRG,ATW/Soundthinker/23_PRG.HFE,2049024,5004d2e257ab3308d0650deeb20f3dfe16d31f28ca4f9d2395fe21b1694c8f93
91,0091_ATW_Soundthinker_24_PRG.HFE,ATW Soundthinker 24_PRG,ATW/Soundthinker/24_PRG.HFE,2049024,6a5b02e892fd422dd63cef77cc2879965ba81ba0ab501729009048c1f0a35854
92,0092_ATW_Soundthinker_25_PRG.HFE,ATW Soundthinker 25_PRG,ATW/Soundthinker/25_PRG.HFE,2049024,eccf2ea02e43142ea892011e4248073e658ca09ff533338d97b743e7151791ec
93,0093_ATW_Soundthinker_26_PRG.HFE,ATW Soundthinker 26_PRG,ATW/Soundthinker/26_PRG.HFE,2049024,e6facff4fe8bb899e57ba5ceb739cc3df83f728d15977bb18467869d36e2a6a0
94,0094_ATW_Soundthinker_27_PRG.HFE,ATW Soundthinker 27_PRG,ATW/Soundthinker/27_PRG.HFE,2049024,f584f10a897c5f3f4d461a7aefef47cce1aba40dd630b037a2fa6b176a67cd2b
95,0095_ATW_Soundthinker_28_PRG.HFE,ATW Soundthinker 28_PRG,ATW/Soundthinker/28_PRG.HFE,2049024,6764cc3d6593da4c478b385cb64c1d3c97acce6f9c36ef5e19379332543ba8f3
96,0096_ATW_Soundthinker_29_PRG.HFE,ATW Soundthinker 29_PRG,ATW/Soundthinker/29_PRG.HFE,2049024,806000e620bffbc73ae1b91aebc3d79c529328a79111b3ba15cd212d237ccafa
97,0097_ATW_Soundthinker_30_PRG.HFE,ATW Soundthinker 30_PRG,ATW/Soundthinker/30_PRG.HFE,2049024,68c0a7327f52b304f961146a063b64e7817534174bb9662e12a80a066b6a5ef4
98,0098_ATW_Soundthinker_31_PRG.HFE,ATW Soundthinker 31_PRG,ATW/Soundthinker/31_PRG.HFE,2049024,bb63c254eed4dd798c00146388846f264dfbd6d715d80d5b2a13f73185ace5c7
99,0099_ATW_Soundthinker_32_PRG.HFE,ATW Soundthinker 32_PRG,ATW/Soundthinker/32_PRG.HFE,2049024,02abb2b42cfd03767f8a0b17dc55df6acf3d94ed7cf981ecdac25be719bc4450
100,0100_ATW_Soundthinker_33_PRG.HFE,ATW Soundthinker 33_PRG,ATW/Soundthinker/33_PRG.HFE,2049024,88bcd331d267b2611910da2d04d9ae0fba873e4b192cf1e41e30269d6b13b013
101,0101_ATW_Soundthinker_34_PRG.HFE,ATW Soundthinker 34_PRG,ATW/Soundthinker/34_PRG.HFE,2049024,234764a75c3275fa35ebc128a275878f82d8326a1a37f65851ed0a5a7e6e8c07
102,0102_ATW_Soundthinker_35_PRG.HFE,ATW Soundthinker 35_PRG,ATW/Soundthinker/35_PRG.HFE,2049024,2dda22128c93e3aac1bce3e80dbef7beb43bec5a08d788372465a31ec5574199
103,0103_ATW_Soundthinker_36_PRG.HFE,ATW Soundthinker 36_PRG,ATW/Soundthinker/36_PRG.HFE,2049024,2f6de3ae2532b1904b1aa5c72882f218a72885f6da00d3cf6435bb0867efae87
104,0104_ATW_Soundthinker_37_PRG.HFE,ATW Soundthinker 37_PRG,ATW/Soundthinker/37_PRG.HFE,2049024,3e541b8f85db9cbe96cb2eb6447d7e344c6e9293c64f3cdb694926cb15c292fe
105,0105_ATW_Soundthinker_38_PRG.HFE,ATW Soundthinker 38_PRG,ATW/Soundthinker/38_PRG.HFE,2049024,ce6ac63a42b4d3420dc9f66c095f171951175476903c7a3d68f9e0a2c2022242
106,0106_ATW_Soundthinker_39_PRG.HFE,ATW Soundthinker 39_PRG,ATW/Soundthinker/39_PRG.HFE,2049024,732091f170f6783cb29197758360b8d63bf13b06642bbe25a847e45c7b85f5dd
107,0107_ATW_Soundthinker_40_PRG.HFE,ATW Soundthinker 40_PRG,ATW/Soundthinker/40_PRG.HFE,2049024,dcd2335dd5a78dd9926223b0cd7d88d705a9042a949ab52b5db7999be683a799
108,0108_ATW_Soundthinker_41_PRG.HFE,ATW Soundthinker 41_PRG,ATW/Soundthinker/41_PRG.HFE,2049024,413d9c80c14cb15353ad1fb0e889a1aa472ebed080ec48b1f327a6d696b2c92d
109,0109_ATW_Soundthinker_42_PRG.HFE,ATW Soundthinker 42_PRG,ATW/Soundthinker/42_PRG.HFE,2049024,7085cb8ec51f8f99a7e1c7ce6a0dd7e5e662beaa364ca22b1344495df41c1acd
110,0110_ATW_Soundthinker_43_PRG.HFE,ATW Soundthinker 43_PRG,ATW/Soundthinker/43_PRG.HFE,2049024,30378e80ff86b704570874575a5a8e9d3293064f955830f4d8cf8da79a8cfc11
111,0111_ATW_Soundthinker_44_PRG.HFE,ATW Soundthinker 44_PRG,ATW/Soundthinker/44_PRG.HFE,2049024,4f0e50efb02fcb1bafdc6064e7e9bc6da52e076f1a058d082c2e038359c5caf2
112,0112_ATW_Soundthinker_45_PRG.HFE,ATW Soundthinker 45_PRG,ATW/Soundthinker/45_PRG.HFE,2049024,d1bc0dea93db575fb7c64f21b40204bf015e5619034559aa28d706a1f6ba83f5
113,0113_ATW_Soundthinker_46_PRG.HFE,ATW Soundthinker 46_PRG,ATW/Soundthinker/46_PRG.HFE,2049024,727488f6a0052ebcb47f056e833171ccc07efebe0851fabd58a05521b2dfc4ce
114,0114_ATW_TransHacker_TransHacker_1.HFE,ATW TransHacker TransHacker_1,ATW/TransHacker/TransHacker_1.HFE,2049024,2afdcb1c5292a55f8192f2bafbc13c79282316ac10292e6ba2f65dd5c12212cf
115,0115_ATW_TransHacker_TransHacker_2.HFE,ATW TransHacker TransHacker_2,ATW/TransHacker/TransHacker_2.HFE,2049024,e038717a57aede236166596895456efe87b4267c71dd55d3f066ae9cddf09f0d
116,0116_ATW_Tweakheads_richs.HFE,ATW Tweakheads richs,ATW/Tweakheads/richs.HFE,2049024,17f88bc7e838ee0a5513f8b5f1963c13290aede4c3d9e7f69e20c681a6234a5a
117,0117_ATW_Yahoo!_analog.HFE,ATW Yahoo! analog,ATW/Yahoo!/analog.HFE,2049024,6f696e9c4d53694226022e152302707cfae493dc9471b12a441c238cba40afb7
118,0118_ATW_Yahoo!_bass.HFE,ATW Yahoo! bass,ATW/Yahoo!/bass.HFE,2049024,b617f3e2b11a3cbb8e731cbfa6c52e8573a47a468347303f92a76bbbe5b0856f
119,0119_ATW_Yahoo!_bells.HFE,ATW Yahoo! bells,ATW/Yahoo!/bells.HFE,2049024,82652022ffaa10bcc614c8fbbf0c2c7307a3bfb25582a28dc51352706bb41f4b
120,0120_ATW_Yahoo!_bells2.HFE,ATW Yahoo! bells2,ATW/Yahoo!/bells2.HFE,2049024,ff21b393aeef83e34fa03fde297eb9d3178ed417451a45acb98f2f7a3c9e69e2
121,0121_ATW_Yahoo!_brass.HFE,ATW Yahoo! brass,ATW/Yahoo!/brass.HFE,2049024,282dd663dc265ce487c33801616e45f3c6599d38f097a4995bbd03e66acca887
122,0122_ATW_Yahoo!_drums.HFE,ATW Yahoo! drums,ATW/Yahoo!/drums.HFE,2049024,cf9b2c04a895862b47332094db52cbf03d3285071d8b07c75318268031c1fd5d
123,0123_ATW_Yahoo!_guitars.HFE,ATW Yahoo! guitars,ATW/Yahoo!/guitars.HFE,2049024,0ee89aa9fad3ddb869c3bf69757c30d1a73dc7eecbbfa3cc1407d92722f34c00
124,0124_ATW_Yahoo!_leads.HFE,ATW Yahoo! leads,ATW/Yahoo!/leads.HFE,2049024,c3944d1ed9c1b9d1e5ad495825fadac5c55de9c9158b9714c375d4f150786508
125,0125_ATW_Yahoo!_organs.HFE,ATW Yahoo! organs,ATW/Yahoo!/organs.HFE,2049024,47dc76fba24babd161a3d50c3c0a06708e1593f89370eab2b64686396547b786
126,0126_ATW_Yahoo!_organs2.HFE,ATW Yahoo! organs2,ATW/Yahoo!/organs2.HFE,2049024,5ee7680858545158280e077233a9a08757cd26ca53a2ae693695b127df0ceb89
127,0127_ATW_Yahoo!_pianos.HFE,ATW Yahoo! pianos,ATW/Yahoo!/pianos.HFE,2049024,4390eb37b21dc70c45d90b22629a3a7b47be496dd1d33feec62f5b5284ff83e4
128,0128_ATW_Yahoo!_pianos2.HFE,ATW Yahoo! pianos2,ATW/Yahoo!/pianos2.HFE,2049024,166451831edfca0ef3894ea52ee60a2b3a1d0e99cae1bb05f59e4159fb177354
129,0129_ATW_Yahoo!_sndeffct.HFE,ATW Yahoo! sndeffct,ATW/Yahoo!/sndeffct.HFE,2049024,7442d6d060d5a8c23574f007877c2d8ac3a8c110501b92162165fb69ab7c4e52
130,0130_ATW_Yahoo!_strings.HFE,ATW Yahoo! strings,ATW/Yahoo!/strings.HFE,2049024,aa462c49a30e2f9bfc1c256fb4741cf272643c11cab9bf9ba722ea0dda8cd5cd
131,0131_ATW_Yahoo!_VFX2010.HFE,ATW Yahoo! VFX2010,ATW/Yahoo!/VFX2010.HFE,2049024,fb302c794eee9a6dd72c3ea7362387418cf1e425fa575118fb0e64417510424d
132,0132_ATW_Yahoo!_winds.HFE,ATW Yahoo! winds,ATW/Yahoo!/winds.HFE,2049024,4c7a36b8a9ee1db5bfef47c4c8dad92f4c9eb8e12dc7bfd025c7159243d67461
133,0133_ATW_Yahoo!_Yahoo_1.HFE,ATW Yahoo! Yahoo_1,ATW/Yahoo!/Yahoo_1.HFE,2049024,20592f2a71ae4e711c460dad60ae3d534e0a07dbf4d4cbc5ea388a3036663300
134,0134_Ensoniq_IPC_IPC-1.HFE,Ensoniq IPC IPC-1,Ensoniq/IPC/IPC-1.HFE,2049024,47a181d7f39e4820d2b19dbc685685990ef4202b0f95b5603d0a1b2320be7266
135,0135_Ensoniq_IPC_IPC-2.HFE,Ensoniq IPC IPC-2,Ensoniq/IPC/IPC-2.HFE,2049024,964d4c2719fd9a6b8278b5236e9117693d196aee1e050cb9d20206ce305b4e5d
136,0136_Ensoniq_IPC_IPC-3.HFE,Ensoniq IPC IPC-3,Ensoniq/IPC/IPC-3.HFE,2049024,874e4dcaf40f0fea147e1ba14d3b00ddea4a93c2e2b66ee3c8d9ca4ee8fdab30
137,0137_Ensoniq_IPC_IPC-4.HFE,Ensoniq IPC IPC-4,Ensoniq/IPC/IPC-4.HFE,2049024,f3a85c71b83d799c7477d169c6eabaca40eb4ad3030052fb10941d95c927d9c8
138,0138_Ensoniq_SD1_SD1-RAM.HFE,Ensoniq SD1 SD1-RAM,Ensoniq/SD1/SD1-RAM.HFE,2049024,7dee961a3f56c8bc8a972c9daf8a3d3a260fbf4ef2ccb6a67ae1165d798d3321
139,0139_Ensoniq_SD1_SD1-ROM1.HFE,Ensoniq SD1 SD1-ROM1,Ensoniq/SD1/SD1-ROM1.HFE,2049024,296a2d15d25999b9014518637c2db80dc04126a257fa05060242501a759df701
140,0140_Ensoniq_VFX_VFX-ROM.HFE,Ensoniq VFX VFX-ROM,Ensoniq/VFX/VFX-ROM.HFE,2049024,673e85bd9b5267bdbae8802f89a132d3fb0ce59bbfe1dc6d59f24d3b2e200c41
141,0141_Ensoniq_VFX_Keys.HFE,Ensoniq VFX VFXSD-Keys,Ensoniq/VFX/VFXSD-Keys.HFE,2049024,9433e525549a571c06400629c426b8f5e83b79df7005fee2f74a8f066e63f91f
142,0142_Ensoniq_VFX_RAM.HFE,Ensoniq VFX VFXSD-RAM,Ensoniq/VFX/VFXSD-RAM.HFE,2049024,296a2d15d25999b9014518637c2db80dc04126a257fa05060242501a759df701
143,0143_Ensoniq_VPC_VPC-100.HFE,Ensoniq VPC VPC-100,Ensoniq/VPC/VPC-100.HFE,2049024,d89e160c93a0937e39d3b965511cb9585ed3dc7686158ebf951c9373565d0083
144,0144_Ensoniq_VPC_VPC-101.HFE,Ensoniq VPC VPC-101,Ensoniq/VPC/VPC-101.HFE,2049024,ff3df1b13c8841ebc20ef6e65e1c4efead9a092667087015dddc0036272cd341
145,0145_Ensoniq_VPC_VPC-102.HFE,Ensoniq VPC VPC-102,Ensoniq/VPC/VPC-102.HFE,2049024,130d9a84ec1210348a2cb712d0ca5646b7f5d77610bb2fad1b41a3c80c93168d
146,0146_Ensoniq_VPC_VPC-103.HFE,Ensoniq VPC VPC-103,Ensoniq/VPC/VPC-103.HFE,2049024,e4546fe1820ea41aa5f9dc4720109144c6f0711a4aa53aa1281266f63a7c09ef
147,0147_Ensoniq_VPC_VPC-104.HFE,Ensoniq VPC VPC-104,Ensoniq/VPC/VPC-104.HFE,2049024,6855585b6276de3ea8adfefd9e4aa6d3078115a49b9b09e8cf8ef66acadf8b33
148,0148_Ensoniq_VPC_VPC-105.HFE,Ensoniq VPC VPC-105,Ensoniq/VPC/VPC-105.HFE,2049024,661a50fa97d84fd8cc685098d6bb16816a55397b8dee22e637121f05563af197
149,0149_Ensoniq_VSD_VSD1000A.HFE,Ensoniq VSD VSD1000A,Ensoniq/VSD/VSD1000A.HFE,2049024,a930a0c456a6ee2bf59ada04db44726e35ac30a41740101f0c01cf257d5a7f3f
150,0150_Ensoniq_VSD_VSD1000B.HFE,Ensoniq VSD VSD1000B,Ensoniq/VSD/VSD1000B.HFE,2049024,132d7e4249d8c6c294576c59154baa5ead4b63908d4017c2e1f4eaf8718b362c
151,0151_Ensoniq_VSD_VSD1000C.HFE,Ensoniq VSD VSD1000C,Ensoniq/VSD/VSD1000C.HFE,2049024,0f89282478ee51d9fcff6e18648032a01d11942050dadc6d78f7a2f47e74cc0f
152,0152_Ensoniq_VSD_VSD1000D.HFE,Ensoniq VSD VSD1000D,Ensoniq/VSD/VSD1000D.HFE,2049024,4b6c35c86e9c38a8b27f7c452f4789f1a27d18479277a99c7ca7682e677bc093
153,0153_Ensoniq_VSD_VSDBONUS.HFE,Ensoniq VSD VSDBONUS,Ensoniq/VSD/VSDBONUS.HFE,2049024,ec863ddcaa3a52b7d8b3a2eeb09fb604afef914eb0635ecd7f58c2118a79e74d
154,0154_Blank_001.HFE,Blank 01 (template),Blanks/Blank001.HFE,2049024,37dc097473dc192c5732e6058579cd413e34d8e45eb61ac9161b05111f140a18
155,0155_Blank_002.HFE,Blank 02 (template),Blanks/Blank002.HFE,2049024,296a2d15d25999b9014518637c2db80dc04126a257fa05060242501a759df701
156,0156_Blank_003.HFE,Blank 03 (template),Blanks/Blank003.HFE,2049024,673e85bd9b5267bdbae8802f89a132d3fb0ce59bbfe1dc6d59f24d3b2e200c41
157,0157_Blank_004.HFE,Blank 04 (template),Blanks/Blank004.HFE,2049024,673e85bd9b5267bdbae8802f89a132d3fb0ce59bbfe1dc6d59f24d3b2e200c41
158,0158_Blank_005.HFE,Blank 05 (template),Blanks/Blank005.HFE,2049024,673e85bd9b5267bdbae8802f89a132d3fb0ce59bbfe1dc6d59f24d3b2e200c41
159,0159_Blank_006.HFE,Blank 06 (template),Blanks/Blank006.HFE,2049024,673e85bd9b5267bdbae8802f89a132d3fb0ce59bbfe1dc6d59f24d3b2e200c41
160,0160_Blank_007.HFE,Blank 07 (template),Blanks/Blank007.HFE,2049024,673e85bd9b5267bdbae8802f89a132d3fb0ce59bbfe1dc6d59f24d3b2e200c41
161,0161_Blank_008.HFE,Blank 08 (template),Blanks/Blank008.HFE,2049024,673e85bd9b5267bdbae8802f89a132d3fb0ce59bbfe1dc6d59f24d3b2e200c41
162,0162_Blank_009.HFE,Blank 09 (template),Blanks/Blank009.HFE,2049024,673e85bd9b5267bdbae8802f89a132d3fb0ce59bbfe1dc6d59f24d3b2e200c41
163,0163_Blank_010.HFE,Blank 10 (template),Blanks/Blank010.HFE,2049024,673e85bd9b5267bdbae8802f89a132d3fb0ce59bbfe1dc6d59f24d3b2e200c41
